time_s,gpu_total_MB,gpu_process_MB,cpu_rss_MB
0.0,1.0,0,0.9
1.03,1.0,0,0.9
2.09,4.0,3.0,0.9
3.19,4.0,3.0,0.9
4.27,521.0,520.0,0.9
5.32,779.0,778.0,0.9
6.43,779.0,778.0,0.9
7.53,779.0,778.0,0.9
8.65,779.0,778.0,0.9
9.77,779.0,778.0,0.9
10.9,779.0,778.0,0.9
11.97,779.0,778.0,0.9
13.04,779.0,778.0,0.9
14.15,779.0,778.0,0.9
15.28,779.0,778.0,0.9
16.38,779.0,778.0,0.9
17.47,779.0,778.0,0.9
18.61,779.0,778.0,0.9
19.69,779.0,778.0,0.9
20.77,779.0,778.0,0.9
21.82,779.0,778.0,0.9
22.89,779.0,778.0,0.9
23.95,779.0,778.0,0.9
25.03,779.0,778.0,0.9
26.14,779.0,778.0,0.9
27.22,779.0,778.0,0.9
28.34,805.0,804.0,0.9
29.44,837.0,836.0,0.9
30.57,837.0,836.0,0.9
31.64,1257.0,1256.0,0.9
32.7,1257.0,1256.0,0.9
33.77,1257.0,1256.0,0.9
34.89,1257.0,1256.0,0.9
35.97,1257.0,1256.0,0.9
37.07,1257.0,1256.0,0.9
38.17,1257.0,1256.0,0.9
39.29,1257.0,1256.0,0.9
40.45,1257.0,1256.0,0.9
41.57,1257.0,1256.0,0.9
42.62,1257.0,1256.0,0.9
43.68,1257.0,1256.0,0.9
44.77,1257.0,1256.0,0.9
45.86,1257.0,1256.0,0.9
46.92,1257.0,1256.0,0.9
48.06,1257.0,1256.0,0.9
49.2,1257.0,1256.0,0.9
50.27,1257.0,1256.0,0.9
51.39,1257.0,1256.0,0.9
52.51,1257.0,1256.0,0.9
53.6,1257.0,1256.0,0.9
54.7,1257.0,1256.0,0.9
55.81,1257.0,1256.0,0.9
56.88,1257.0,1256.0,0.9
57.99,1257.0,1256.0,0.9
59.06,1257.0,1256.0,0.9
60.16,1257.0,1256.0,0.9
61.3,1257.0,1256.0,0.9
62.41,1257.0,1256.0,0.9
63.52,1257.0,1256.0,0.9
64.61,1257.0,1256.0,0.9
65.71,1257.0,1256.0,0.9
66.81,1257.0,1256.0,0.9
67.89,1257.0,1256.0,0.9
68.97,1257.0,1256.0,0.9
70.03,1257.0,1256.0,0.9
71.1,1257.0,1256.0,0.9
72.19,1257.0,1256.0,0.9
73.26,1257.0,1256.0,0.9
74.4,1257.0,1256.0,0.9
75.45,1257.0,1256.0,0.9
76.55,1257.0,1256.0,0.9
77.63,1257.0,1256.0,0.9
78.69,1257.0,1256.0,0.9
79.75,1257.0,1256.0,0.9
80.84,1257.0,1256.0,0.9
81.96,1257.0,1256.0,0.9
83.04,1257.0,1256.0,0.9
84.15,1257.0,1256.0,0.9
85.29,1257.0,1256.0,0.9
86.37,1257.0,1256.0,0.9
87.49,1257.0,1256.0,0.9
88.6,1257.0,1256.0,0.9
89.72,1257.0,1256.0,0.9
90.8,1257.0,1256.0,0.9
91.91,1257.0,1256.0,0.9
93.03,1257.0,1256.0,0.9
94.14,1257.0,1256.0,0.9
95.26,1257.0,1256.0,0.9
96.36,1257.0,1256.0,0.9
97.45,1257.0,1256.0,0.9
98.59,1257.0,1256.0,0.9
99.65,1257.0,1256.0,0.9
100.77,1257.0,1256.0,0.9
101.87,1257.0,1256.0,0.9
102.96,1257.0,1256.0,0.9
104.1,1257.0,1256.0,0.9
105.2,1257.0,1256.0,0.9
106.33,1257.0,1256.0,0.9
107.44,1257.0,1256.0,0.9
108.53,1257.0,1256.0,0.9
109.62,1257.0,1256.0,0.9
110.73,1257.0,1256.0,0.9
111.83,1257.0,1256.0,0.9
112.98,1257.0,1256.0,0.9
114.07,1257.0,1256.0,0.9
115.17,1257.0,1256.0,0.9
116.28,1257.0,1256.0,0.9
117.37,1257.0,1256.0,0.9
118.53,1257.0,1256.0,0.9
119.66,1257.0,1256.0,0.9
120.76,1257.0,1256.0,0.9
121.85,1257.0,1256.0,0.9
123.01,1257.0,1256.0,0.9
124.08,1257.0,1256.0,0.9
125.15,1257.0,1256.0,0.9
126.23,1257.0,1256.0,0.9
127.3,1257.0,1256.0,0.9
128.38,1257.0,1256.0,0.9
129.48,1257.0,1256.0,0.9
130.55,1257.0,1256.0,0.9
131.63,1257.0,1256.0,0.9
132.71,1257.0,1256.0,0.9
133.82,1257.0,1256.0,0.9
134.94,1257.0,1256.0,0.9
136.09,1257.0,1256.0,0.9
137.19,1257.0,1256.0,0.9
138.3,1257.0,1256.0,0.9
139.44,1257.0,1256.0,0.9
140.59,1257.0,1256.0,0.9
141.65,1257.0,1256.0,0.9
142.82,1257.0,1256.0,0.9
143.97,1257.0,1256.0,0.9
145.03,1257.0,1256.0,0.9
146.12,1257.0,1256.0,0.9
147.21,1257.0,1256.0,0.9
148.34,1257.0,1256.0,0.9
149.43,1257.0,1256.0,0.9
150.5,1257.0,1256.0,0.9
151.6,1257.0,1256.0,0.9
152.68,1257.0,1256.0,0.9
153.76,1257.0,1256.0,0.9
154.88,1257.0,1256.0,0.9
155.99,1257.0,1256.0,0.9
157.1,1257.0,1256.0,0.9
158.21,1257.0,1256.0,0.9
159.34,1257.0,1256.0,0.9
160.42,1257.0,1256.0,0.9
161.55,1257.0,1256.0,0.9
162.67,1257.0,1256.0,0.9
163.73,1257.0,1256.0,0.9
164.8,1257.0,1256.0,0.9
165.87,1257.0,1256.0,0.9
166.93,1257.0,1256.0,0.9
168.04,1257.0,1256.0,0.9
169.12,1257.0,1256.0,0.9
170.23,1257.0,1256.0,0.9
171.3,1257.0,1256.0,0.9
172.4,1257.0,1256.0,0.9
173.49,1257.0,1256.0,0.9
174.57,1257.0,1256.0,0.9
175.66,1257.0,1256.0,0.9
176.74,1257.0,1256.0,0.9
177.79,1257.0,1256.0,0.9
178.86,1257.0,1256.0,0.9
179.98,1257.0,1256.0,0.9
181.08,1257.0,1256.0,0.9
182.15,1257.0,1256.0,0.9
183.23,1257.0,1256.0,0.9
184.27,1257.0,1256.0,0.9
185.33,1257.0,1256.0,0.9
186.42,1257.0,1256.0,0.9
187.52,1257.0,1256.0,0.9
188.61,1257.0,1256.0,0.9
189.72,1257.0,1256.0,0.9
190.79,1257.0,1256.0,0.9
191.89,1257.0,1256.0,0.9
193.01,1257.0,1256.0,0.9
194.1,1257.0,1256.0,0.9
195.18,1257.0,1256.0,0.9
196.22,1257.0,1256.0,0.9
197.3,1257.0,1256.0,0.9
198.38,1257.0,1256.0,0.9
199.51,1257.0,1256.0,0.9
200.59,1257.0,1256.0,0.9
201.71,1257.0,1256.0,0.9
202.78,1257.0,1256.0,0.9
203.85,1257.0,1256.0,0.9
204.89,1257.0,1256.0,0.9
206.0,1257.0,1256.0,0.9
207.08,1257.0,1256.0,0.9
208.13,1257.0,1256.0,0.9
209.17,1257.0,1256.0,0.9
210.22,1257.0,1256.0,0.9
211.32,1257.0,1256.0,0.9
212.45,1257.0,1256.0,0.9
213.54,1257.0,1256.0,0.9
214.63,1257.0,1256.0,0.9
215.75,1257.0,1256.0,0.9
216.88,1257.0,1256.0,0.9
217.97,1257.0,1256.0,0.9
219.06,1257.0,1256.0,0.9
220.16,1257.0,1256.0,0.9
221.27,1257.0,1256.0,0.9
222.39,1257.0,1256.0,0.9
223.47,1257.0,1256.0,0.9
224.55,1257.0,1256.0,0.9
225.66,1257.0,1256.0,0.9
226.78,1257.0,1256.0,0.9
227.87,1257.0,1256.0,0.9
228.93,1257.0,1256.0,0.9
230.07,1257.0,1256.0,0.9
231.2,1257.0,1256.0,0.9
232.29,1257.0,1256.0,0.9
233.38,1257.0,1256.0,0.9
234.46,1257.0,1256.0,0.9
235.5,1257.0,1256.0,0.9
236.61,1257.0,1256.0,0.9
237.74,1257.0,1256.0,0.9
238.85,1257.0,1256.0,0.9
239.95,1257.0,1256.0,0.9
241.11,1257.0,1256.0,0.9
242.22,1257.0,1256.0,0.9
243.3,1257.0,1256.0,0.9
244.4,1257.0,1256.0,0.9
245.47,1257.0,1256.0,0.9
246.56,1257.0,1256.0,0.9
247.65,1257.0,1256.0,0.9
248.71,1257.0,1256.0,0.9
249.82,1257.0,1256.0,0.9
250.9,1257.0,1256.0,0.9
251.99,1257.0,1256.0,0.9
253.09,1257.0,1256.0,0.9
254.19,1257.0,1256.0,0.9
255.26,1257.0,1256.0,0.9
256.33,1257.0,1256.0,0.9
257.41,1257.0,1256.0,0.9
258.48,1257.0,1256.0,0.9
259.57,1257.0,1256.0,0.9
260.65,1257.0,1256.0,0.9
261.72,1257.0,1256.0,0.9
262.79,1257.0,1256.0,0.9
263.88,1257.0,1256.0,0.9
264.96,1257.0,1256.0,0.9
266.05,1257.0,1256.0,0.9
267.15,1257.0,1256.0,0.9
268.26,1257.0,1256.0,0.9
269.34,1257.0,1256.0,0.9
270.43,1257.0,1256.0,0.9
271.51,1257.0,1256.0,0.9
272.55,1257.0,1256.0,0.9
273.64,1257.0,1256.0,0.9
274.71,1257.0,1256.0,0.9
275.83,1257.0,1256.0,0.9
276.93,1257.0,1256.0,0.9
278.03,1257.0,1256.0,0.9
279.16,1257.0,1256.0,0.9
280.32,1257.0,1256.0,0.9
281.4,1257.0,1256.0,0.9
282.61,1257.0,1256.0,0.9
283.7,1257.0,1256.0,0.9
284.82,1257.0,1256.0,0.9
285.91,1257.0,1256.0,0.9
287.02,1257.0,1256.0,0.9
288.07,1257.0,1256.0,0.9
289.18,1257.0,1256.0,0.9
290.27,1257.0,1256.0,0.9
291.31,1257.0,1256.0,0.9
292.41,1257.0,1256.0,0.9
293.56,1257.0,1256.0,0.9
294.73,1257.0,1256.0,0.9
295.82,1257.0,1256.0,0.9
296.92,1257.0,1256.0,0.9
297.99,1257.0,1256.0,0.9
299.04,1257.0,1256.0,0.9
300.09,1257.0,1256.0,0.9
301.15,1257.0,1256.0,0.9
302.25,1257.0,1256.0,0.9
303.37,1257.0,1256.0,0.9
304.45,1257.0,1256.0,0.9
305.51,1257.0,1256.0,0.9
306.56,1257.0,1256.0,0.9
307.62,1257.0,1256.0,0.9
308.72,1257.0,1256.0,0.9
309.81,1257.0,1256.0,0.9
310.88,1257.0,1256.0,0.9
311.96,1257.0,1256.0,0.9
313.06,1257.0,1256.0,0.9
314.19,1257.0,1256.0,0.9
315.31,1257.0,1256.0,0.9
316.41,1257.0,1256.0,0.9
317.49,1257.0,1256.0,0.9
318.59,1257.0,1256.0,0.9
319.7,1257.0,1256.0,0.9
320.8,1257.0,1256.0,0.9
321.89,1257.0,1256.0,0.9
322.98,1257.0,1256.0,0.9
324.06,1257.0,1256.0,0.9
325.11,1257.0,1256.0,0.9
326.18,1257.0,1256.0,0.9
327.27,1257.0,1256.0,0.9
328.35,1257.0,1256.0,0.9
329.46,1257.0,1256.0,0.9
330.56,1257.0,1256.0,0.9
331.63,1257.0,1256.0,0.9
332.74,1257.0,1256.0,0.9
333.81,1257.0,1256.0,0.9
334.88,1257.0,1256.0,0.9
336.01,1257.0,1256.0,0.9
337.11,1257.0,1256.0,0.9
338.18,1257.0,1256.0,0.9
339.27,1257.0,1256.0,0.9
340.35,1257.0,1256.0,0.9
341.39,1257.0,1256.0,0.9
342.44,1257.0,1256.0,0.9
343.53,1257.0,1256.0,0.9
344.62,1257.0,1256.0,0.9
345.72,1257.0,1256.0,0.9
346.79,1257.0,1256.0,0.9
347.88,1257.0,1256.0,0.9
348.94,1257.0,1256.0,0.9
350.04,1257.0,1256.0,0.9
351.13,1257.0,1256.0,0.9
352.16,1257.0,1256.0,0.9
353.25,1257.0,1256.0,0.9
354.38,1257.0,1256.0,0.9
355.5,1257.0,1256.0,0.9
356.65,1257.0,1256.0,0.9
357.74,1257.0,1256.0,0.9
358.88,1257.0,1256.0,0.9
359.98,1257.0,1256.0,0.9
361.13,1257.0,1256.0,0.9
362.24,1257.0,1256.0,0.9
363.34,1257.0,1256.0,0.9
364.43,1257.0,1256.0,0.9
365.53,1257.0,1256.0,0.9
366.67,1257.0,1256.0,0.9
367.79,1257.0,1256.0,0.9
368.86,1257.0,1256.0,0.9
370.0,1257.0,1256.0,0.9
371.1,1257.0,1256.0,0.9
372.19,1257.0,1256.0,0.9
373.27,1257.0,1256.0,0.9
374.35,1257.0,1256.0,0.9
375.46,1257.0,1256.0,0.9
376.59,1257.0,1256.0,0.9
377.65,1257.0,1256.0,0.9
378.77,1257.0,1256.0,0.9
379.84,1257.0,1256.0,0.9
380.91,1257.0,1256.0,0.9
382.0,1257.0,1256.0,0.9
383.1,1257.0,1256.0,0.9
384.18,1257.0,1256.0,0.9
385.27,1257.0,1256.0,0.9
386.31,1257.0,1256.0,0.9
387.37,1257.0,1256.0,0.9
388.46,1257.0,1256.0,0.9
389.51,1257.0,1256.0,0.9
390.61,1257.0,1256.0,0.9
391.73,1257.0,1256.0,0.9
392.82,1257.0,1256.0,0.9
393.93,1257.0,1256.0,0.9
395.01,1257.0,1256.0,0.9
396.09,1257.0,1256.0,0.9
397.17,1257.0,1256.0,0.9
398.24,1257.0,1256.0,0.9
399.39,1257.0,1256.0,0.9
400.48,1257.0,1256.0,0.9
401.56,1257.0,1256.0,0.9
402.71,1257.0,1256.0,0.9
403.89,1257.0,1256.0,0.9
405.01,1257.0,1256.0,0.9
406.06,1257.0,1256.0,0.9
407.13,1257.0,1256.0,0.9
408.2,1257.0,1256.0,0.9
409.25,1257.0,1256.0,0.9
410.35,1257.0,1256.0,0.9
411.41,1257.0,1256.0,0.9
412.44,1257.0,1256.0,0.9
413.52,1257.0,1256.0,0.9
414.6,1257.0,1256.0,0.9
415.66,1257.0,1256.0,0.9
416.76,1257.0,1256.0,0.9
417.89,1257.0,1256.0,0.9
418.95,1257.0,1256.0,0.9
420.06,1259.0,1258.0,0.9
421.11,1259.0,1258.0,0.9
422.19,1259.0,1258.0,0.9
423.29,1259.0,1258.0,0.9
424.44,1259.0,1258.0,0.9
425.57,1259.0,1258.0,0.9
426.67,1259.0,1258.0,0.9
427.81,1259.0,1258.0,0.9
428.97,1259.0,1258.0,0.9
430.07,1259.0,1258.0,0.9
431.12,1259.0,1258.0,0.9
432.2,1259.0,1258.0,0.9
433.29,1259.0,1258.0,0.9
434.34,1259.0,1258.0,0.9
435.39,1259.0,1258.0,0.9
436.46,1259.0,1258.0,0.9
437.55,1259.0,1258.0,0.9
438.61,1259.0,1258.0,0.9
439.67,1259.0,1258.0,0.9
440.79,1259.0,1258.0,0.9
441.9,1259.0,1258.0,0.9
443.03,1259.0,1258.0,0.9
444.12,1259.0,1258.0,0.9
445.24,1259.0,1258.0,0.9
446.35,1259.0,1258.0,0.9
447.41,1259.0,1258.0,0.9
448.46,1259.0,1258.0,0.9
449.52,1259.0,1258.0,0.9
450.6,1259.0,1258.0,0.9
451.71,1259.0,1258.0,0.9
452.81,1259.0,1258.0,0.9
453.87,1259.0,1258.0,0.9
454.97,1259.0,1258.0,0.9
456.1,1259.0,1258.0,0.9
457.23,1259.0,1258.0,0.9
458.31,1259.0,1258.0,0.9
459.38,1259.0,1258.0,0.9
460.47,1259.0,1258.0,0.9
461.55,1259.0,1258.0,0.9
462.65,1259.0,1258.0,0.9
463.73,1259.0,1258.0,0.9
464.86,1259.0,1258.0,0.9
466.03,1259.0,1258.0,0.9
467.15,1259.0,1258.0,0.9
468.26,1259.0,1258.0,0.9
469.33,1259.0,1258.0,0.9
470.49,1259.0,1258.0,0.9
471.61,1259.0,1258.0,0.9
472.68,1259.0,1258.0,0.9
473.85,1259.0,1258.0,0.9
474.94,1259.0,1258.0,0.9
476.07,1259.0,1258.0,0.9
477.18,1259.0,1258.0,0.9
478.36,1259.0,1258.0,0.9
479.44,1259.0,1258.0,0.9
480.51,1259.0,1258.0,0.9
481.56,1259.0,1258.0,0.9
482.68,1259.0,1258.0,0.9
483.74,1259.0,1258.0,0.9
484.86,1259.0,1258.0,0.9
485.99,1259.0,1258.0,0.9
487.04,1259.0,1258.0,0.9
488.1,1259.0,1258.0,0.9
489.18,1259.0,1258.0,0.9
490.26,1259.0,1258.0,0.9
491.33,1259.0,1258.0,0.9
492.39,1259.0,1258.0,0.9
493.51,1259.0,1258.0,0.9
494.59,1259.0,1258.0,0.9
495.71,1259.0,1258.0,0.9
496.8,1259.0,1258.0,0.9
497.92,1259.0,1258.0,0.9
499.02,1259.0,1258.0,0.9
500.11,1259.0,1258.0,0.9
501.24,1259.0,1258.0,0.9
502.32,1259.0,1258.0,0.9
503.44,1259.0,1258.0,0.9
504.49,1259.0,1258.0,0.9
505.59,1259.0,1258.0,0.9
506.68,1259.0,1258.0,0.9
507.78,1259.0,1258.0,0.9
508.87,1259.0,1258.0,0.9
509.98,1259.0,1258.0,0.9
511.08,1259.0,1258.0,0.9
512.21,1259.0,1258.0,0.9
513.33,1259.0,1258.0,0.9
514.42,1259.0,1258.0,0.9
515.52,1259.0,1258.0,0.9
516.59,1259.0,1258.0,0.9
517.66,1259.0,1258.0,0.9
518.78,1259.0,1258.0,0.9
519.88,1259.0,1258.0,0.9
520.99,1259.0,1258.0,0.9
522.07,1259.0,1258.0,0.9
523.14,1259.0,1258.0,0.9
524.22,1259.0,1258.0,0.9
525.28,1259.0,1258.0,0.9
526.36,1259.0,1258.0,0.9
527.45,1259.0,1258.0,0.9
528.54,1259.0,1258.0,0.9
529.66,1259.0,1258.0,0.9
530.73,1259.0,1258.0,0.9
531.83,1259.0,1258.0,0.9
532.99,1259.0,1258.0,0.9
534.11,1259.0,1258.0,0.9
535.22,1259.0,1258.0,0.9
536.31,1259.0,1258.0,0.9
537.44,1259.0,1258.0,0.9
538.59,1259.0,1258.0,0.9
539.66,1259.0,1258.0,0.9
540.72,1259.0,1258.0,0.9
541.81,1259.0,1258.0,0.9
542.9,1259.0,1258.0,0.9
543.95,1259.0,1258.0,0.9
545.0,1259.0,1258.0,0.9
546.14,1259.0,1258.0,0.9
547.23,1259.0,1258.0,0.9
548.3,1259.0,1258.0,0.9
549.37,1259.0,1258.0,0.9
550.53,1259.0,1258.0,0.9
551.59,1259.0,1258.0,0.9
552.67,1259.0,1258.0,0.9
553.73,1259.0,1258.0,0.9
554.81,1259.0,1258.0,0.9
555.92,1259.0,1258.0,0.9
557.01,1259.0,1258.0,0.9
558.16,1259.0,1258.0,0.9
559.3,1259.0,1258.0,0.9
560.37,1259.0,1258.0,0.9
561.46,1259.0,1258.0,0.9
562.53,1259.0,1258.0,0.9
563.61,1259.0,1258.0,0.9
564.67,1259.0,1258.0,0.9
565.73,1259.0,1258.0,0.9
566.84,1259.0,1258.0,0.9
567.9,1259.0,1258.0,0.9
568.96,1259.0,1258.0,0.9
570.07,1259.0,1258.0,0.9
571.15,1259.0,1258.0,0.9
572.22,1259.0,1258.0,0.9
573.3,1259.0,1258.0,0.9
574.39,1259.0,1258.0,0.9
575.47,1259.0,1258.0,0.9
576.55,1259.0,1258.0,0.9
577.66,1259.0,1258.0,0.9
578.82,1259.0,1258.0,0.9
579.96,1259.0,1258.0,0.9
581.11,1259.0,1258.0,0.9
582.2,1259.0,1258.0,0.9
583.28,1259.0,1258.0,0.9
584.4,1259.0,1258.0,0.9
585.47,1259.0,1258.0,0.9
586.51,1259.0,1258.0,0.9
587.57,1259.0,1258.0,0.9
588.66,1259.0,1258.0,0.9
589.76,1259.0,1258.0,0.9
590.85,1259.0,1258.0,0.9
591.99,1259.0,1258.0,0.9
593.09,1259.0,1258.0,0.9
594.15,1259.0,1258.0,0.9
595.23,1259.0,1258.0,0.9
596.34,1259.0,1258.0,0.9
597.5,1259.0,1258.0,0.9
598.63,1259.0,1258.0,0.9
599.73,1259.0,1258.0,0.9
600.88,1259.0,1258.0,0.9
601.95,1259.0,1258.0,0.9
603.07,1259.0,1258.0,0.9
604.18,1259.0,1258.0,0.9
605.35,1259.0,1258.0,0.9
606.44,1259.0,1258.0,0.9
607.56,1259.0,1258.0,0.9
608.69,1259.0,1258.0,0.9
609.78,1259.0,1258.0,0.9
610.87,1259.0,1258.0,0.9
611.95,1259.0,1258.0,0.9
613.04,1259.0,1258.0,0.9
614.17,1259.0,1258.0,0.9
615.24,1259.0,1258.0,0.9
616.34,1259.0,1258.0,0.9
617.48,1259.0,1258.0,0.9
618.54,1259.0,1258.0,0.9
619.63,1259.0,1258.0,0.9
620.73,1259.0,1258.0,0.9
621.82,1259.0,1258.0,0.9
622.89,1259.0,1258.0,0.9
623.98,1259.0,1258.0,0.9
625.08,1259.0,1258.0,0.9
626.21,1259.0,1258.0,0.9
627.3,1259.0,1258.0,0.9
628.45,1259.0,1258.0,0.9
629.53,1259.0,1258.0,0.9
630.61,1259.0,1258.0,0.9
631.71,1259.0,1258.0,0.9
632.8,1259.0,1258.0,0.9
633.91,1259.0,1258.0,0.9
635.0,1259.0,1258.0,0.9
636.06,1259.0,1258.0,0.9
637.12,1259.0,1258.0,0.9
638.21,1259.0,1258.0,0.9
639.31,1259.0,1258.0,0.9
640.41,1259.0,1258.0,0.9
641.5,1259.0,1258.0,0.9
642.64,1259.0,1258.0,0.9
643.71,1259.0,1258.0,0.9
644.85,1259.0,1258.0,0.9
645.91,1259.0,1258.0,0.9
647.08,1259.0,1258.0,0.9
648.13,1259.0,1258.0,0.9
649.22,1259.0,1258.0,0.9
650.31,1259.0,1258.0,0.9
651.44,1259.0,1258.0,0.9
652.53,1259.0,1258.0,0.9
653.58,1259.0,1258.0,0.9
654.65,1259.0,1258.0,0.9
655.75,1259.0,1258.0,0.9
656.85,1259.0,1258.0,0.9
657.92,1259.0,1258.0,0.9
659.03,1259.0,1258.0,0.9
660.1,1259.0,1258.0,0.9
661.15,1259.0,1258.0,0.9
662.25,1259.0,1258.0,0.9
663.34,1259.0,1258.0,0.9
664.45,1259.0,1258.0,0.9
665.52,1259.0,1258.0,0.9
666.63,1259.0,1258.0,0.9
667.71,1259.0,1258.0,0.9
668.81,1259.0,1258.0,0.9
669.96,1259.0,1258.0,0.9
671.04,1259.0,1258.0,0.9
672.16,1259.0,1258.0,0.9
673.29,1259.0,1258.0,0.9
674.38,1259.0,1258.0,0.9
675.48,1259.0,1258.0,0.9
676.59,1259.0,1258.0,0.9
677.73,1259.0,1258.0,0.9
678.85,1259.0,1258.0,0.9
679.99,1259.0,1258.0,0.9
681.14,1259.0,1258.0,0.9
682.2,1259.0,1258.0,0.9
683.32,1259.0,1258.0,0.9
684.41,1259.0,1258.0,0.9
685.48,1259.0,1258.0,0.9
686.57,1259.0,1258.0,0.9
687.67,1259.0,1258.0,0.9
688.7,1259.0,1258.0,0.9
689.82,1259.0,1258.0,0.9
690.88,1259.0,1258.0,0.9
691.95,1259.0,1258.0,0.9
693.03,1259.0,1258.0,0.9
694.1,1259.0,1258.0,0.9
695.15,1259.0,1258.0,0.9
696.24,1259.0,1258.0,0.9
697.35,1259.0,1258.0,0.9
698.44,1259.0,1258.0,0.9
699.57,1259.0,1258.0,0.9
700.74,1259.0,1258.0,0.9
701.81,1259.0,1258.0,0.9
702.89,1259.0,1258.0,0.9
703.97,1259.0,1258.0,0.9
705.07,1259.0,1258.0,0.9
706.18,1259.0,1258.0,0.9
707.27,1259.0,1258.0,0.9
708.44,1259.0,1258.0,0.9
709.5,1259.0,1258.0,0.9
710.58,1259.0,1258.0,0.9
711.67,1259.0,1258.0,0.9
712.81,1259.0,1258.0,0.9
713.88,1259.0,1258.0,0.9
714.99,1259.0,1258.0,0.9
716.11,1259.0,1258.0,0.9
717.18,1259.0,1258.0,0.9
718.28,1259.0,1258.0,0.9
719.35,1259.0,1258.0,0.9
720.46,1259.0,1258.0,0.9
721.54,1259.0,1258.0,0.9
722.63,1259.0,1258.0,0.9
723.71,1259.0,1258.0,0.9
724.81,1259.0,1258.0,0.9
725.87,1259.0,1258.0,0.9
726.92,1259.0,1258.0,0.9
727.99,1259.0,1258.0,0.9
729.03,1259.0,1258.0,0.9
730.07,1259.0,1258.0,0.9
731.16,1259.0,1258.0,0.9
732.22,1259.0,1258.0,0.9
733.31,1259.0,1258.0,0.9
734.41,1259.0,1258.0,0.9
735.56,1259.0,1258.0,0.9
736.63,1259.0,1258.0,0.9
737.73,1259.0,1258.0,0.9
738.83,1259.0,1258.0,0.9
739.93,1259.0,1258.0,0.9
741.09,1259.0,1258.0,0.9
742.17,1259.0,1258.0,0.9
743.29,1259.0,1258.0,0.9
744.39,1259.0,1258.0,0.9
745.45,1259.0,1258.0,0.9
746.51,1259.0,1258.0,0.9
747.61,1259.0,1258.0,0.9
748.71,1259.0,1258.0,0.9
749.82,1259.0,1258.0,0.9
750.93,1259.0,1258.0,0.9
752.0,1259.0,1258.0,0.9
753.06,1259.0,1258.0,0.9
754.17,1259.0,1258.0,0.9
755.32,1259.0,1258.0,0.9
756.42,1259.0,1258.0,0.9
757.51,1259.0,1258.0,0.9
758.61,1259.0,1258.0,0.9
759.78,1259.0,1258.0,0.9
760.84,1259.0,1258.0,0.9
761.88,1259.0,1258.0,0.9
762.94,1259.0,1258.0,0.9
764.01,1259.0,1258.0,0.9
765.07,1259.0,1258.0,0.9
766.14,1259.0,1258.0,0.9
767.28,1259.0,1258.0,0.9
768.38,1259.0,1258.0,0.9
769.45,1259.0,1258.0,0.9
770.55,1259.0,1258.0,0.9
771.64,1259.0,1258.0,0.9
772.73,1259.0,1258.0,0.9
773.84,1259.0,1258.0,0.9
774.95,1259.0,1258.0,0.9
776.06,1259.0,1258.0,0.9
777.21,1259.0,1258.0,0.9
778.26,1259.0,1258.0,0.9
779.33,1259.0,1258.0,0.9
780.42,1259.0,1258.0,0.9
781.53,1259.0,1258.0,0.9
782.62,1259.0,1258.0,0.9
783.78,1259.0,1258.0,0.9
784.89,1259.0,1258.0,0.9
786.02,1259.0,1258.0,0.9
787.09,1259.0,1258.0,0.9
788.22,1259.0,1258.0,0.9
789.33,1259.0,1258.0,0.9
790.48,1259.0,1258.0,0.9
791.54,1259.0,1258.0,0.9
792.62,1259.0,1258.0,0.9
793.73,1259.0,1258.0,0.9
794.86,1259.0,1258.0,0.9
795.93,1259.0,1258.0,0.9
797.06,1259.0,1258.0,0.9
798.18,1259.0,1258.0,0.9
799.34,1259.0,1258.0,0.9
800.43,1259.0,1258.0,0.9
801.49,1259.0,1258.0,0.9
802.6,1259.0,1258.0,0.9
803.8,1259.0,1258.0,0.9
804.92,1259.0,1258.0,0.9
806.05,1259.0,1258.0,0.9
807.17,1259.0,1258.0,0.9
808.23,1259.0,1258.0,0.9
809.39,1259.0,1258.0,0.9
810.52,1259.0,1258.0,0.9
811.64,1259.0,1258.0,0.9
812.73,1259.0,1258.0,0.9
813.8,1259.0,1258.0,0.9
814.85,1259.0,1258.0,0.9
816.04,1259.0,1258.0,0.9
817.15,1259.0,1258.0,0.9
818.28,1259.0,1258.0,0.9
819.33,1259.0,1258.0,0.9
820.4,1259.0,1258.0,0.9
821.49,1259.0,1258.0,0.9
822.55,1259.0,1258.0,0.9
823.6,1259.0,1258.0,0.9
824.71,1259.0,1258.0,0.9
825.8,1259.0,1258.0,0.9
826.92,1259.0,1258.0,0.9
828.07,1259.0,1258.0,0.9
829.16,1259.0,1258.0,0.9
830.23,1259.0,1258.0,0.9
831.31,1259.0,1258.0,0.9
832.48,1259.0,1258.0,0.9
833.55,1259.0,1258.0,0.9
834.63,1259.0,1258.0,0.9
835.67,1259.0,1258.0,0.9
836.75,1259.0,1258.0,0.9
837.86,1259.0,1258.0,0.9
839.02,1259.0,1258.0,0.9
840.15,1259.0,1258.0,0.9
841.3,1259.0,1258.0,0.9
842.38,1259.0,1258.0,0.9
843.54,1259.0,1258.0,0.9
844.68,1259.0,1258.0,0.9
845.81,1259.0,1258.0,0.9
846.91,1259.0,1258.0,0.9
848.1,1259.0,1258.0,0.9
849.23,1259.0,1258.0,0.9
850.28,1259.0,1258.0,0.9
851.37,1259.0,1258.0,0.9
852.44,1259.0,1258.0,0.9
853.49,1259.0,1258.0,0.9
854.61,1259.0,1258.0,0.9
855.67,1259.0,1258.0,0.9
856.72,1259.0,1258.0,0.9
857.81,1259.0,1258.0,0.9
858.89,1259.0,1258.0,0.9
860.01,1259.0,1258.0,0.9
861.05,1259.0,1258.0,0.9
862.14,1259.0,1258.0,0.9
863.19,1259.0,1258.0,0.9
864.27,1259.0,1258.0,0.9
865.39,1259.0,1258.0,0.9
866.45,1259.0,1258.0,0.9
867.52,1259.0,1258.0,0.9
868.58,1259.0,1258.0,0.9
869.69,1259.0,1258.0,0.9
870.79,1259.0,1258.0,0.9
871.89,1259.0,1258.0,0.9
872.96,1259.0,1258.0,0.9
874.04,1259.0,1258.0,0.9
875.1,1259.0,1258.0,0.9
876.17,1259.0,1258.0,0.9
877.23,1259.0,1258.0,0.9
878.32,1259.0,1258.0,0.9
879.45,1259.0,1258.0,0.9
880.55,1259.0,1258.0,0.9
881.63,1259.0,1258.0,0.9
882.68,1259.0,1258.0,0.9
883.74,1259.0,1258.0,0.9
884.89,1259.0,1258.0,0.9
885.94,1259.0,1258.0,0.9
887.0,1259.0,1258.0,0.9
888.1,1259.0,1258.0,0.9
889.21,1259.0,1258.0,0.9
890.27,1259.0,1258.0,0.9
891.35,1259.0,1258.0,0.9
892.42,1259.0,1258.0,0.9
893.49,1259.0,1258.0,0.9
894.57,1259.0,1258.0,0.9
895.72,1259.0,1258.0,0.9
896.83,1259.0,1258.0,0.9
897.92,1259.0,1258.0,0.9
899.01,1259.0,1258.0,0.9
900.1,1259.0,1258.0,0.9
901.2,1259.0,1258.0,0.9
902.34,1259.0,1258.0,0.9
903.39,1259.0,1258.0,0.9
904.48,1259.0,1258.0,0.9
905.55,1259.0,1258.0,0.9
906.63,1259.0,1258.0,0.9
907.68,1259.0,1258.0,0.9
908.75,1259.0,1258.0,0.9
909.82,1259.0,1258.0,0.9
910.98,1259.0,1258.0,0.9
912.08,1259.0,1258.0,0.9
913.18,1259.0,1258.0,0.9
914.28,1259.0,1258.0,0.9
915.35,1259.0,1258.0,0.9
916.5,1259.0,1258.0,0.9
917.67,1259.0,1258.0,0.9
918.8,1259.0,1258.0,0.9
919.9,1259.0,1258.0,0.9
920.99,1259.0,1258.0,0.9
922.1,1259.0,1258.0,0.9
923.22,1259.0,1258.0,0.9
924.27,1259.0,1258.0,0.9
925.33,1259.0,1258.0,0.9
926.41,1259.0,1258.0,0.9
927.48,1259.0,1258.0,0.9
928.55,1259.0,1258.0,0.9
929.64,1259.0,1258.0,0.9
930.71,1259.0,1258.0,0.9
931.8,1259.0,1258.0,0.9
932.94,1259.0,1258.0,0.9
934.01,1259.0,1258.0,0.9
935.08,1259.0,1258.0,0.9
936.15,1259.0,1258.0,0.9
937.31,1259.0,1258.0,0.9
938.39,1259.0,1258.0,0.9
939.48,1259.0,1258.0,0.9
940.52,1259.0,1258.0,0.9
941.57,1259.0,1258.0,0.9
942.65,1259.0,1258.0,0.9
943.72,1259.0,1258.0,0.9
944.75,1259.0,1258.0,0.9
945.82,1259.0,1258.0,0.9
946.88,1259.0,1258.0,0.9
947.96,1259.0,1258.0,0.9
949.02,1259.0,1258.0,0.9
950.08,1259.0,1258.0,0.9
951.18,1259.0,1258.0,0.9
952.23,1259.0,1258.0,0.9
953.34,1259.0,1258.0,0.9
954.42,1259.0,1258.0,0.9
955.46,1259.0,1258.0,0.9
956.56,1259.0,1258.0,0.9
957.62,1259.0,1258.0,0.9
958.66,1259.0,1258.0,0.9
959.76,1259.0,1258.0,0.9
960.83,1259.0,1258.0,0.9
961.95,1259.0,1258.0,0.9
963.02,1259.0,1258.0,0.9
964.14,1259.0,1258.0,0.9
965.22,1259.0,1258.0,0.9
966.35,1259.0,1258.0,0.9
967.46,1259.0,1258.0,0.9
968.58,1259.0,1258.0,0.9
969.68,1259.0,1258.0,0.9
970.79,1259.0,1258.0,0.9
971.84,1259.0,1258.0,0.9
972.94,1259.0,1258.0,0.9
974.01,1259.0,1258.0,0.9
975.08,1259.0,1258.0,0.9
976.15,1259.0,1258.0,0.9
977.22,1259.0,1258.0,0.9
978.32,1259.0,1258.0,0.9
979.44,1259.0,1258.0,0.9
980.51,1259.0,1258.0,0.9
981.59,1259.0,1258.0,0.9
982.65,1259.0,1258.0,0.9
983.72,1259.0,1258.0,0.9
984.81,1259.0,1258.0,0.9
985.88,1259.0,1258.0,0.9
987.0,1259.0,1258.0,0.9
988.07,1259.0,1258.0,0.9
989.15,1259.0,1258.0,0.9
990.22,1259.0,1258.0,0.9
991.3,1259.0,1258.0,0.9
992.42,1259.0,1258.0,0.9
993.5,1259.0,1258.0,0.9
994.57,1259.0,1258.0,0.9
995.64,1259.0,1258.0,0.9
996.7,1259.0,1258.0,0.9
997.8,1259.0,1258.0,0.9
998.92,1259.0,1258.0,0.9
999.99,1259.0,1258.0,0.9
1001.08,1259.0,1258.0,0.9
1002.14,1259.0,1258.0,0.9
1003.27,1259.0,1258.0,0.9
1004.37,1259.0,1258.0,0.9
1005.47,1259.0,1258.0,0.9
1006.58,1259.0,1258.0,0.9
1007.66,1259.0,1258.0,0.9
1008.73,1259.0,1258.0,0.9
1009.85,1259.0,1258.0,0.9
1010.99,1259.0,1258.0,0.9
1012.11,1259.0,1258.0,0.9
1013.16,1259.0,1258.0,0.9
1014.29,1259.0,1258.0,0.9
1015.35,1259.0,1258.0,0.9
1016.48,1259.0,1258.0,0.9
1017.52,1259.0,1258.0,0.9
1018.55,1259.0,1258.0,0.9
1019.64,1259.0,1258.0,0.9
1020.68,1259.0,1258.0,0.9
1021.81,1259.0,1258.0,0.9
1022.91,1259.0,1258.0,0.9
1024.01,1259.0,1258.0,0.9
1025.18,1259.0,1258.0,0.9
1026.28,1259.0,1258.0,0.9
1027.38,1259.0,1258.0,0.9
1028.46,1259.0,1258.0,0.9
1029.57,1259.0,1258.0,0.9
1030.61,1259.0,1258.0,0.9
1031.64,1259.0,1258.0,0.9
1032.73,1259.0,1258.0,0.9
1033.77,1259.0,1258.0,0.9
1034.82,1259.0,1258.0,0.9
1035.95,1259.0,1258.0,0.9
1037.01,1259.0,1258.0,0.9
1038.14,1259.0,1258.0,0.9
1039.28,1259.0,1258.0,0.9
1040.35,1259.0,1258.0,0.9
1041.4,1259.0,1258.0,0.9
1042.43,1259.0,1258.0,0.9
1043.5,1259.0,1258.0,0.9
1044.62,1259.0,1258.0,0.9
1045.68,1259.0,1258.0,0.9
1046.76,1259.0,1258.0,0.9
1047.88,1259.0,1258.0,0.9
1048.96,1259.0,1258.0,0.9
1050.03,1259.0,1258.0,0.9
1051.14,1259.0,1258.0,0.9
1052.21,1259.0,1258.0,0.9
1053.29,1259.0,1258.0,0.9
1054.34,1259.0,1258.0,0.9
1055.38,1259.0,1258.0,0.9
1056.47,1259.0,1258.0,0.9
1057.53,1259.0,1258.0,0.9
1058.61,1259.0,1258.0,0.9
1059.66,1259.0,1258.0,0.9
1060.73,1259.0,1258.0,0.9
1061.83,1259.0,1258.0,0.9
1062.95,1259.0,1258.0,0.9
1064.05,1259.0,1258.0,0.9
1065.14,1259.0,1258.0,0.9
1066.22,1259.0,1258.0,0.9
1067.35,1259.0,1258.0,0.9
1068.47,1259.0,1258.0,0.9
1069.56,1259.0,1258.0,0.9
1070.63,1259.0,1258.0,0.9
1071.71,1259.0,1258.0,0.9
1072.77,1259.0,1258.0,0.9
1073.84,1259.0,1258.0,0.9
1074.91,1259.0,1258.0,0.9
1076.01,1259.0,1258.0,0.9
1077.06,1259.0,1258.0,0.9
1078.13,1259.0,1258.0,0.9
1079.17,1259.0,1258.0,0.9
1080.25,1259.0,1258.0,0.9
1081.34,1259.0,1258.0,0.9
1082.48,1259.0,1258.0,0.9
1083.55,1259.0,1258.0,0.9
1084.59,1259.0,1258.0,0.9
1085.63,1259.0,1258.0,0.9
1086.68,1259.0,1258.0,0.9
1087.77,1259.0,1258.0,0.9
1088.83,1259.0,1258.0,0.9
1089.88,1259.0,1258.0,0.9
1090.98,1259.0,1258.0,0.9
1092.06,1259.0,1258.0,0.9
1093.18,1259.0,1258.0,0.9
1094.24,1259.0,1258.0,0.9
1095.34,1259.0,1258.0,0.9
1096.43,1259.0,1258.0,0.9
1097.56,1259.0,1258.0,0.9
1098.63,1259.0,1258.0,0.9
1099.76,1259.0,1258.0,0.9
1100.85,1259.0,1258.0,0.9
1101.93,1259.0,1258.0,0.9
1103.01,1259.0,1258.0,0.9
1104.11,1259.0,1258.0,0.9
1105.23,1259.0,1258.0,0.9
1106.35,1259.0,1258.0,0.9
1107.41,1259.0,1258.0,0.9
1108.52,1259.0,1258.0,0.9
1109.56,1259.0,1258.0,0.9
1110.62,1259.0,1258.0,0.9
1111.69,1259.0,1258.0,0.9
1112.78,1259.0,1258.0,0.9
1113.9,1259.0,1258.0,0.9
1115.03,1259.0,1258.0,0.9
1116.08,1259.0,1258.0,0.9
1117.16,1259.0,1258.0,0.9
1118.25,1259.0,1258.0,0.9
1119.35,1259.0,1258.0,0.9
1120.44,1259.0,1258.0,0.9
1121.55,1259.0,1258.0,0.9
1122.65,1259.0,1258.0,0.9
1123.77,1259.0,1258.0,0.9
1124.89,1259.0,1258.0,0.9
1126.01,1259.0,1258.0,0.9
1127.09,1259.0,1258.0,0.9
1128.15,1259.0,1258.0,0.9
1129.2,1259.0,1258.0,0.9
1130.3,1259.0,1258.0,0.9
1131.47,1259.0,1258.0,0.9
1132.6,1259.0,1258.0,0.9
1133.66,1259.0,1258.0,0.9
1134.73,1259.0,1258.0,0.9
1135.84,1259.0,1258.0,0.9
1136.99,1259.0,1258.0,0.9
1138.05,1259.0,1258.0,0.9
1139.09,1259.0,1258.0,0.9
1140.13,1259.0,1258.0,0.9
1141.25,1259.0,1258.0,0.9
1142.33,1259.0,1258.0,0.9
1143.48,1259.0,1258.0,0.9
1144.55,1259.0,1258.0,0.9
1145.7,1259.0,1258.0,0.9
1146.77,1259.0,1258.0,0.9
1147.84,1259.0,1258.0,0.9
1148.96,1259.0,1258.0,0.9
1150.04,1259.0,1258.0,0.9
1151.12,1259.0,1258.0,0.9
1152.19,1259.0,1258.0,0.9
1153.27,1259.0,1258.0,0.9
1154.36,1259.0,1258.0,0.9
1155.46,1259.0,1258.0,0.9
1156.61,1259.0,1258.0,0.9
1157.66,1259.0,1258.0,0.9
1158.75,1259.0,1258.0,0.9
1159.79,1259.0,1258.0,0.9
1160.83,1259.0,1258.0,0.9
1161.9,1259.0,1258.0,0.9
1162.96,1259.0,1258.0,0.9
1164.01,1259.0,1258.0,0.9
1165.12,1259.0,1258.0,0.9
1166.21,1259.0,1258.0,0.9
1167.33,1259.0,1258.0,0.9
1168.41,1259.0,1258.0,0.9
1169.5,1259.0,1258.0,0.9
1170.55,1259.0,1258.0,0.9
1171.62,1259.0,1258.0,0.9
1172.72,1259.0,1258.0,0.9
1173.8,1259.0,1258.0,0.9
1174.91,1259.0,1258.0,0.9
1175.98,1259.0,1258.0,0.9
1177.08,1259.0,1258.0,0.9
1178.16,1259.0,1258.0,0.9
1179.21,1259.0,1258.0,0.9
1180.32,1259.0,1258.0,0.9
1181.39,1259.0,1258.0,0.9
1182.44,1259.0,1258.0,0.9
1183.54,1259.0,1258.0,0.9
1184.62,1259.0,1258.0,0.9
1185.74,1259.0,1258.0,0.9
1186.87,1259.0,1258.0,0.9
1187.95,1259.0,1258.0,0.9
1189.01,1259.0,1258.0,0.9
1190.06,1259.0,1258.0,0.9
1191.14,1259.0,1258.0,0.9
1192.22,1259.0,1258.0,0.9
1193.34,1259.0,1258.0,0.9
1194.42,1259.0,1258.0,0.9
1195.48,1259.0,1258.0,0.9
1196.59,1259.0,1258.0,0.9
1197.68,1259.0,1258.0,0.9
1198.73,1259.0,1258.0,0.9
1199.82,1259.0,1258.0,0.9
1200.92,1259.0,1258.0,0.9
1202.04,1259.0,1258.0,0.9
1203.08,1259.0,1258.0,0.9
1204.13,1259.0,1258.0,0.9
1205.21,1259.0,1258.0,0.9
1206.27,1259.0,1258.0,0.9
1207.33,1259.0,1258.0,0.9
1208.36,1259.0,1258.0,0.9
1209.5,1259.0,1258.0,0.9
1210.57,1259.0,1258.0,0.9
1211.61,1259.0,1258.0,0.9
1212.7,1259.0,1258.0,0.9
1213.79,1259.0,1258.0,0.9
1214.89,1259.0,1258.0,0.9
1215.95,1259.0,1258.0,0.9
1217.04,1259.0,1258.0,0.9
1218.14,1259.0,1258.0,0.9
1219.21,1259.0,1258.0,0.9
1220.3,1259.0,1258.0,0.9
1221.38,1259.0,1258.0,0.9
1222.5,1259.0,1258.0,0.9
1223.61,1259.0,1258.0,0.9
1224.71,1259.0,1258.0,0.9
1225.82,1259.0,1258.0,0.9
1226.88,1259.0,1258.0,0.9
1227.95,1259.0,1258.0,0.9
1228.99,1259.0,1258.0,0.9
1230.03,1259.0,1258.0,0.9
1231.11,1259.0,1258.0,0.9
1232.19,1259.0,1258.0,0.9
1233.32,1259.0,1258.0,0.9
1234.38,1259.0,1258.0,0.9
1235.45,1259.0,1258.0,0.9
1236.52,1259.0,1258.0,0.9
1237.56,1259.0,1258.0,0.9
1238.61,1259.0,1258.0,0.9
1239.7,1259.0,1258.0,0.9
1240.77,1259.0,1258.0,0.9
1241.85,1259.0,1258.0,0.9
1242.91,1259.0,1258.0,0.9
1243.98,1259.0,1258.0,0.9
1245.04,1259.0,1258.0,0.9
1246.15,1259.0,1258.0,0.9
1247.24,1259.0,1258.0,0.9
1248.33,1259.0,1258.0,0.9
1249.46,1259.0,1258.0,0.9
1250.61,1259.0,1258.0,0.9
1251.72,1259.0,1258.0,0.9
1252.79,1259.0,1258.0,0.9
1253.85,1259.0,1258.0,0.9
1254.92,1259.0,1258.0,0.9
1256.02,1259.0,1258.0,0.9
1257.16,1259.0,1258.0,0.9
1258.2,1259.0,1258.0,0.9
1259.29,1259.0,1258.0,0.9
1260.36,1259.0,1258.0,0.9
1261.46,1259.0,1258.0,0.9
1262.56,1259.0,1258.0,0.9
1263.63,1259.0,1258.0,0.9
1264.67,1259.0,1258.0,0.9
1265.7,1259.0,1258.0,0.9
1266.79,1259.0,1258.0,0.9
1267.9,1259.0,1258.0,0.9
1268.98,1259.0,1258.0,0.9
1270.05,1259.0,1258.0,0.9
1271.15,1259.0,1258.0,0.9
1272.26,1259.0,1258.0,0.9
1273.32,1259.0,1258.0,0.9
1274.37,1259.0,1258.0,0.9
1275.42,1259.0,1258.0,0.9
1276.53,1259.0,1258.0,0.9
1277.6,1259.0,1258.0,0.9
1278.67,1259.0,1258.0,0.9
1279.86,1259.0,1258.0,0.9
1280.95,1259.0,1258.0,0.9
1282.02,1259.0,1258.0,0.9
1283.1,1259.0,1258.0,0.9
1284.19,1259.0,1258.0,0.9
1285.26,1259.0,1258.0,0.9
1286.34,1259.0,1258.0,0.9
1287.42,1259.0,1258.0,0.9
1288.5,1259.0,1258.0,0.9
1289.58,1259.0,1258.0,0.9
1290.7,1259.0,1258.0,0.9
1291.83,1259.0,1258.0,0.9
1292.9,1259.0,1258.0,0.9
1293.96,1259.0,1258.0,0.9
1295.0,1259.0,1258.0,0.9
1296.07,1259.0,1258.0,0.9
1297.13,1259.0,1258.0,0.9
1298.2,1259.0,1258.0,0.9
1299.26,1259.0,1258.0,0.9
1300.32,1259.0,1258.0,0.9
1301.36,1259.0,1258.0,0.9
1302.42,1259.0,1258.0,0.9
1303.48,1259.0,1258.0,0.9
1304.62,1259.0,1258.0,0.9
1305.69,1259.0,1258.0,0.9
1306.83,1259.0,1258.0,0.9
1307.9,1259.0,1258.0,0.9
1308.93,1259.0,1258.0,0.9
1310.05,1259.0,1258.0,0.9
1311.11,1259.0,1258.0,0.9
1312.15,1259.0,1258.0,0.9
1313.24,1259.0,1258.0,0.9
1314.39,1259.0,1258.0,0.9
1315.52,1259.0,1258.0,0.9
1316.57,1259.0,1258.0,0.9
1317.64,1259.0,1258.0,0.9
1318.72,1259.0,1258.0,0.9
1319.79,1259.0,1258.0,0.9
1320.84,1259.0,1258.0,0.9
1321.87,1259.0,1258.0,0.9
1322.99,1259.0,1258.0,0.9
1324.07,1259.0,1258.0,0.9
1325.17,1259.0,1258.0,0.9
1326.26,1259.0,1258.0,0.9
1327.36,1259.0,1258.0,0.9
1328.46,1259.0,1258.0,0.9
1329.52,1259.0,1258.0,0.9
1330.61,1259.0,1258.0,0.9
1331.73,1259.0,1258.0,0.9
1332.79,1259.0,1258.0,0.9
1333.83,1259.0,1258.0,0.9
1334.91,1259.0,1258.0,0.9
1335.98,1259.0,1258.0,0.9
1337.11,1259.0,1258.0,0.9
1338.23,1259.0,1258.0,0.9
1339.36,1259.0,1258.0,0.9
1340.44,1259.0,1258.0,0.9
1341.55,1259.0,1258.0,0.9
1342.66,1259.0,1258.0,0.9
1343.73,1259.0,1258.0,0.9
1344.76,1259.0,1258.0,0.9
1345.89,1259.0,1258.0,0.9
1347.0,1259.0,1258.0,0.9
1348.04,1259.0,1258.0,0.9
1349.12,1259.0,1258.0,0.9
1350.18,1259.0,1258.0,0.9
1351.28,1259.0,1258.0,0.9
1352.33,1259.0,1258.0,0.9
1353.37,1259.0,1258.0,0.9
1354.43,1259.0,1258.0,0.9
1355.54,1259.0,1258.0,0.9
1356.7,1259.0,1258.0,0.9
1357.78,1259.0,1258.0,0.9
1358.84,1259.0,1258.0,0.9
1359.89,1259.0,1258.0,0.9
1361.0,1259.0,1258.0,0.9
1362.08,1259.0,1258.0,0.9
1363.12,1259.0,1258.0,0.9
1364.18,1259.0,1258.0,0.9
1365.27,1259.0,1258.0,0.9
1366.38,1259.0,1258.0,0.9
1367.44,1259.0,1258.0,0.9
1368.47,1259.0,1258.0,0.9
1369.53,1259.0,1258.0,0.9
1370.65,1259.0,1258.0,0.9
1371.71,1259.0,1258.0,0.9
1372.76,1259.0,1258.0,0.9
1373.84,1259.0,1258.0,0.9
1374.92,1259.0,1258.0,0.9
1375.95,1259.0,1258.0,0.9
1376.99,1259.0,1258.0,0.9
1378.05,1259.0,1258.0,0.9
1379.16,1259.0,1258.0,0.9
1380.24,1259.0,1258.0,0.9
1381.32,1259.0,1258.0,0.9
1382.42,1259.0,1258.0,0.9
1383.54,1259.0,1258.0,0.9
1384.63,1259.0,1258.0,0.9
1385.75,1259.0,1258.0,0.9
1386.82,1259.0,1258.0,0.9
1387.87,1259.0,1258.0,0.9
1388.95,1259.0,1258.0,0.9
1390.01,1259.0,1258.0,0.9
1391.11,1259.0,1258.0,0.9
1392.2,1259.0,1258.0,0.9
1393.4,1259.0,1258.0,0.9
1394.55,1259.0,1258.0,0.9
1395.61,1259.0,1258.0,0.9
1396.75,1259.0,1258.0,0.9
1397.82,1259.0,1258.0,0.9
1399.01,1259.0,1258.0,0.9
1400.1,1259.0,1258.0,0.9
1401.14,1259.0,1258.0,0.9
1402.21,1259.0,1258.0,0.9
1403.31,1259.0,1258.0,0.9
1404.42,1259.0,1258.0,0.9
1405.55,1259.0,1258.0,0.9
1406.63,1259.0,1258.0,0.9
1407.75,1259.0,1258.0,0.9
1408.8,1259.0,1258.0,0.9
1409.83,1259.0,1258.0,0.9
1410.88,1259.0,1258.0,0.9
1411.95,1259.0,1258.0,0.9
1413.02,1259.0,1258.0,0.9
1414.12,1259.0,1258.0,0.9
1415.19,1259.0,1258.0,0.9
1416.34,1259.0,1258.0,0.9
1417.41,1259.0,1258.0,0.9
1418.5,1259.0,1258.0,0.9
1419.57,1259.0,1258.0,0.9
1420.67,1259.0,1258.0,0.9
1421.74,1259.0,1258.0,0.9
1422.82,1259.0,1258.0,0.9
1423.93,1259.0,1258.0,0.9
1425.04,1259.0,1258.0,0.9
1426.12,1259.0,1258.0,0.9
1427.23,1259.0,1258.0,0.9
1428.36,1259.0,1258.0,0.9
1429.42,1259.0,1258.0,0.9
1430.5,1259.0,1258.0,0.9
1431.59,1259.0,1258.0,0.9
1432.67,1259.0,1258.0,0.9
1433.73,1259.0,1258.0,0.9
1434.8,1259.0,1258.0,0.9
1435.85,1259.0,1258.0,0.9
1436.95,1259.0,1258.0,0.9
1438.01,1259.0,1258.0,0.9
1439.1,1259.0,1258.0,0.9
1440.26,1259.0,1258.0,0.9
1441.43,1259.0,1258.0,0.9
1442.51,1259.0,1258.0,0.9
1443.55,1259.0,1258.0,0.9
1444.67,1259.0,1258.0,0.9
1445.77,1259.0,1258.0,0.9
1446.81,1259.0,1258.0,0.9
1447.98,1259.0,1258.0,0.9
1449.13,1259.0,1258.0,0.9
1450.22,1259.0,1258.0,0.9
1451.32,1259.0,1258.0,0.9
1452.45,1259.0,1258.0,0.9
1453.54,1259.0,1258.0,0.9
1454.69,1259.0,1258.0,0.9
1455.82,1259.0,1258.0,0.9
1456.91,1259.0,1258.0,0.9
1458.01,1259.0,1258.0,0.9
1459.11,1259.0,1258.0,0.9
1460.23,1259.0,1258.0,0.9
1461.31,1259.0,1258.0,0.9
1462.41,1259.0,1258.0,0.9
1463.52,1259.0,1258.0,0.9
1464.64,1259.0,1258.0,0.9
1465.7,1259.0,1258.0,0.9
1466.82,1259.0,1258.0,0.9
1467.95,1259.0,1258.0,0.9
1469.05,1259.0,1258.0,0.9
1470.12,1259.0,1258.0,0.9
1471.23,1259.0,1258.0,0.9
1472.32,1259.0,1258.0,0.9
1473.44,1259.0,1258.0,0.9
1474.57,1259.0,1258.0,0.9
1475.68,1259.0,1258.0,0.9
1476.77,1259.0,1258.0,0.9
1477.96,1259.0,1258.0,0.9
1479.07,1259.0,1258.0,0.9
1480.17,1259.0,1258.0,0.9
1481.25,1259.0,1258.0,0.9
1482.39,1259.0,1258.0,0.9
1483.49,1259.0,1258.0,0.9
1484.58,1259.0,1258.0,0.9
1485.61,1259.0,1258.0,0.9
1486.72,1259.0,1258.0,0.9
1487.78,1259.0,1258.0,0.9
1488.92,1259.0,1258.0,0.9
1489.99,1259.0,1258.0,0.9
1491.17,1259.0,1258.0,0.9
1492.22,1259.0,1258.0,0.9
1493.33,1259.0,1258.0,0.9
1494.47,1259.0,1258.0,0.9
1495.61,1259.0,1258.0,0.9
1496.74,1259.0,1258.0,0.9
1497.81,1259.0,1258.0,0.9
1498.96,1259.0,1258.0,0.9
1500.02,1259.0,1258.0,0.9
1501.09,1259.0,1258.0,0.9
1502.18,1259.0,1258.0,0.9
1503.23,1259.0,1258.0,0.9
1504.29,1259.0,1258.0,0.9
1505.37,1259.0,1258.0,0.9
1506.42,1259.0,1258.0,0.9
1507.51,1259.0,1258.0,0.9
1508.56,1259.0,1258.0,0.9
1509.63,1259.0,1258.0,0.9
1510.73,1259.0,1258.0,0.9
1511.88,1259.0,1258.0,0.9
1512.95,1259.0,1258.0,0.9
1514.08,1259.0,1258.0,0.9
1515.16,1259.0,1258.0,0.9
1516.26,1259.0,1258.0,0.9
1517.32,1259.0,1258.0,0.9
1518.4,1259.0,1258.0,0.9
1519.47,1259.0,1258.0,0.9
1520.56,1259.0,1258.0,0.9
1521.66,1259.0,1258.0,0.9
1522.72,1259.0,1258.0,0.9
1523.76,1259.0,1258.0,0.9
1524.85,1259.0,1258.0,0.9
1525.92,1259.0,1258.0,0.9
1527.03,1259.0,1258.0,0.9
1528.12,1259.0,1258.0,0.9
1529.19,1259.0,1258.0,0.9
1530.25,1259.0,1258.0,0.9
1531.31,1259.0,1258.0,0.9
1532.43,1259.0,1258.0,0.9
1533.52,1259.0,1258.0,0.9
1534.6,1259.0,1258.0,0.9
1535.67,1259.0,1258.0,0.9
1536.75,1259.0,1258.0,0.9
1537.82,1259.0,1258.0,0.9
1538.85,1259.0,1258.0,0.9
1539.94,1259.0,1258.0,0.9
1540.99,1259.0,1258.0,0.9
1542.08,1259.0,1258.0,0.9
1543.18,1259.0,1258.0,0.9
1544.25,1259.0,1258.0,0.9
1545.29,1259.0,1258.0,0.9
1546.35,1259.0,1258.0,0.9
1547.44,1259.0,1258.0,0.9
1548.57,1259.0,1258.0,0.9
1549.64,1259.0,1258.0,0.9
1550.74,1259.0,1258.0,0.9
1551.81,1259.0,1258.0,0.9
1552.96,1259.0,1258.0,0.9
1554.07,1259.0,1258.0,0.9
1555.15,1259.0,1258.0,0.9
1556.19,1259.0,1258.0,0.9
1557.34,1259.0,1258.0,0.9
1558.42,1259.0,1258.0,0.9
1559.47,1259.0,1258.0,0.9
1560.61,1259.0,1258.0,0.9
1561.71,1259.0,1258.0,0.9
1562.79,1259.0,1258.0,0.9
1563.86,1259.0,1258.0,0.9
1564.94,1259.0,1258.0,0.9
1566.02,1259.0,1258.0,0.9
1567.1,1259.0,1258.0,0.9
1568.3,1259.0,1258.0,0.9
1569.39,1259.0,1258.0,0.9
1570.43,1259.0,1258.0,0.9
1571.54,1259.0,1258.0,0.9
1572.66,1259.0,1258.0,0.9
1573.73,1259.0,1258.0,0.9
1574.8,1259.0,1258.0,0.9
1575.89,1259.0,1258.0,0.9
1576.98,1259.0,1258.0,0.9
1578.07,1259.0,1258.0,0.9
1579.23,1259.0,1258.0,0.9
1580.3,1259.0,1258.0,0.9
1581.37,1259.0,1258.0,0.9
1582.48,1259.0,1258.0,0.9
1583.61,1259.0,1258.0,0.9
1584.72,1259.0,1258.0,0.9
1585.78,1259.0,1258.0,0.9
1586.89,1259.0,1258.0,0.9
1588.05,1259.0,1258.0,0.9
1589.13,1259.0,1258.0,0.9
1590.23,1259.0,1258.0,0.9
1591.29,1259.0,1258.0,0.9
1592.41,1259.0,1258.0,0.9
1593.48,1259.0,1258.0,0.9
1594.54,1259.0,1258.0,0.9
1595.63,1259.0,1258.0,0.9
1596.71,1259.0,1258.0,0.9
1597.81,1259.0,1258.0,0.9
1598.86,1259.0,1258.0,0.9
1599.97,1259.0,1258.0,0.9
1601.1,1259.0,1258.0,0.9
1602.17,1259.0,1258.0,0.9
1603.32,1259.0,1258.0,0.9
1604.47,1259.0,1258.0,0.9
1605.56,1259.0,1258.0,0.9
1606.71,1259.0,1258.0,0.9
1607.86,1259.0,1258.0,0.9
1609.0,1259.0,1258.0,0.9
1610.1,1259.0,1258.0,0.9
1611.22,1259.0,1258.0,0.9
1612.37,1259.0,1258.0,0.9
1613.5,1259.0,1258.0,0.9
1614.6,1259.0,1258.0,0.9
1615.67,1259.0,1258.0,0.9
1616.76,1259.0,1258.0,0.9
1617.87,1259.0,1258.0,0.9
1618.92,1259.0,1258.0,0.9
1619.99,1259.0,1258.0,0.9
1621.05,1259.0,1258.0,0.9
1622.13,1259.0,1258.0,0.9
1623.19,1259.0,1258.0,0.9
1624.27,1259.0,1258.0,0.9
1625.35,1259.0,1258.0,0.9
1626.4,1259.0,1258.0,0.9
1627.46,1259.0,1258.0,0.9
1628.59,1259.0,1258.0,0.9
1629.69,1259.0,1258.0,0.9
1630.76,1259.0,1258.0,0.9
1631.89,1259.0,1258.0,0.9
1632.95,1259.0,1258.0,0.9
1634.05,1259.0,1258.0,0.9
1635.13,1259.0,1258.0,0.9
1636.25,1259.0,1258.0,0.9
1637.34,1259.0,1258.0,0.9
1638.49,1259.0,1258.0,0.9
1639.63,1259.0,1258.0,0.9
1640.67,1259.0,1258.0,0.9
1641.79,1259.0,1258.0,0.9
1642.92,1259.0,1258.0,0.9
1644.0,1259.0,1258.0,0.9
1645.07,1259.0,1258.0,0.9
1646.17,1259.0,1258.0,0.9
1647.33,1259.0,1258.0,0.9
1648.41,1259.0,1258.0,0.9
1649.47,1259.0,1258.0,0.9
1650.53,1259.0,1258.0,0.9
1651.6,1259.0,1258.0,0.9
1652.67,1259.0,1258.0,0.9
1653.72,1259.0,1258.0,0.9
1654.8,1259.0,1258.0,0.9
1655.91,1259.0,1258.0,0.9
1656.99,1259.0,1258.0,0.9
1658.07,1259.0,1258.0,0.9
1659.15,1259.0,1258.0,0.9
1660.22,1259.0,1258.0,0.9
1661.27,1259.0,1258.0,0.9
1662.37,1259.0,1258.0,0.9
1663.53,1259.0,1258.0,0.9
1664.66,1259.0,1258.0,0.9
1665.74,1259.0,1258.0,0.9
1666.82,1259.0,1258.0,0.9
1667.9,1259.0,1258.0,0.9
1669.04,1259.0,1258.0,0.9
1670.18,1259.0,1258.0,0.9
1671.32,1259.0,1258.0,0.9
1672.43,1259.0,1258.0,0.9
1673.47,1259.0,1258.0,0.9
1674.54,1259.0,1258.0,0.9
1675.66,1259.0,1258.0,0.9
1676.82,1259.0,1258.0,0.9
1677.91,1259.0,1258.0,0.9
1679.0,1259.0,1258.0,0.9
1680.08,1259.0,1258.0,0.9
1681.2,1259.0,1258.0,0.9
1682.34,1259.0,1258.0,0.9
1683.44,1259.0,1258.0,0.9
1684.51,1259.0,1258.0,0.9
1685.6,1259.0,1258.0,0.9
1686.68,1259.0,1258.0,0.9
1687.74,1259.0,1258.0,0.9
1688.82,1259.0,1258.0,0.9
1689.92,1259.0,1258.0,0.9
1691.08,1259.0,1258.0,0.9
1692.23,1259.0,1258.0,0.9
1693.35,1259.0,1258.0,0.9
1694.48,1259.0,1258.0,0.9
1695.52,1259.0,1258.0,0.9
1696.61,1259.0,1258.0,0.9
1697.77,1259.0,1258.0,0.9
1698.89,1259.0,1258.0,0.9
1700.0,1259.0,1258.0,0.9
1701.03,1259.0,1258.0,0.9
1702.16,1259.0,1258.0,0.9
1703.26,1259.0,1258.0,0.9
1704.4,1259.0,1258.0,0.9
1705.47,1259.0,1258.0,0.9
1706.61,1259.0,1258.0,0.9
1707.69,1259.0,1258.0,0.9
1708.84,1259.0,1258.0,0.9
1709.91,1259.0,1258.0,0.9
1710.99,1259.0,1258.0,0.9
1712.1,1259.0,1258.0,0.9
1713.16,1259.0,1258.0,0.9
1714.25,1259.0,1258.0,0.9
1715.39,1259.0,1258.0,0.9
1716.54,1259.0,1258.0,0.9
1717.63,1259.0,1258.0,0.9
1718.73,1259.0,1258.0,0.9
1719.83,1259.0,1258.0,0.9
1720.88,1259.0,1258.0,0.9
1721.97,1259.0,1258.0,0.9
1723.1,1259.0,1258.0,0.9
1724.21,1259.0,1258.0,0.9
1725.28,1259.0,1258.0,0.9
1726.39,1259.0,1258.0,0.9
1727.53,1259.0,1258.0,0.9
1728.62,1259.0,1258.0,0.9
1729.74,1259.0,1258.0,0.9
1730.9,1259.0,1258.0,0.9
1731.96,1259.0,1258.0,0.9
1733.03,1259.0,1258.0,0.9
1734.18,1259.0,1258.0,0.9
1735.29,1259.0,1258.0,0.9
1736.41,1259.0,1258.0,0.9
1737.48,1259.0,1258.0,0.9
1738.53,1259.0,1258.0,0.9
1739.64,1259.0,1258.0,0.9
1740.77,1259.0,1258.0,0.9
1741.88,1259.0,1258.0,0.9
1742.99,1259.0,1258.0,0.9
1744.06,1259.0,1258.0,0.9
1745.1,1259.0,1258.0,0.9
1746.2,1259.0,1258.0,0.9
1747.28,1259.0,1258.0,0.9
1748.42,1259.0,1258.0,0.9
1749.49,1259.0,1258.0,0.9
1750.61,1259.0,1258.0,0.9
1751.71,1259.0,1258.0,0.9
1752.78,1259.0,1258.0,0.9
1753.9,1259.0,1258.0,0.9
1755.0,1259.0,1258.0,0.9
1756.13,1259.0,1258.0,0.9
1757.33,1259.0,1258.0,0.9
1758.44,1259.0,1258.0,0.9
1759.56,1259.0,1258.0,0.9
1760.7,1259.0,1258.0,0.9
1761.8,1259.0,1258.0,0.9
1762.91,1259.0,1258.0,0.9
1764.03,1259.0,1258.0,0.9
1765.15,1259.0,1258.0,0.9
1766.26,1259.0,1258.0,0.9
1767.48,1259.0,1258.0,0.9
1768.57,1259.0,1258.0,0.9
1769.66,1259.0,1258.0,0.9
1770.86,1259.0,1258.0,0.9
1771.97,1259.0,1258.0,0.9
1773.02,1259.0,1258.0,0.9
1774.11,1259.0,1258.0,0.9
1775.28,1259.0,1258.0,0.9
1776.39,1259.0,1258.0,0.9
1777.49,1259.0,1258.0,0.9
1778.57,1259.0,1258.0,0.9
1779.66,1259.0,1258.0,0.9
1780.78,1259.0,1258.0,0.9
1781.87,1259.0,1258.0,0.9
1782.98,1259.0,1258.0,0.9
1784.08,1259.0,1258.0,0.9
1785.17,1259.0,1258.0,0.9
1786.23,1259.0,1258.0,0.9
1787.3,1259.0,1258.0,0.9
1788.36,1259.0,1258.0,0.9
1789.45,1259.0,1258.0,0.9
1790.6,1259.0,1258.0,0.9
1791.73,1259.0,1258.0,0.9
1792.86,1259.0,1258.0,0.9
1793.98,1259.0,1258.0,0.9
1795.08,1259.0,1258.0,0.9
1796.2,1259.0,1258.0,0.9
1797.27,1259.0,1258.0,0.9
1798.33,1259.0,1258.0,0.9
1799.38,1259.0,1258.0,0.9
1800.5,1259.0,1258.0,0.9
1801.61,1259.0,1258.0,0.9
1802.72,1259.0,1258.0,0.9
1803.82,1259.0,1258.0,0.9
1804.94,1259.0,1258.0,0.9
1806.04,1259.0,1258.0,0.9
1807.19,1259.0,1258.0,0.9
1808.24,1259.0,1258.0,0.9
1809.33,1259.0,1258.0,0.9
1810.38,1259.0,1258.0,0.9
1811.49,1259.0,1258.0,0.9
1812.6,1259.0,1258.0,0.9
1813.69,1259.0,1258.0,0.9
1814.76,1259.0,1258.0,0.9
1815.83,1259.0,1258.0,0.9
1816.92,1259.0,1258.0,0.9
1817.97,1259.0,1258.0,0.9
1819.04,1259.0,1258.0,0.9
1820.12,1259.0,1258.0,0.9
1821.2,1259.0,1258.0,0.9
1822.32,1259.0,1258.0,0.9
1823.49,1259.0,1258.0,0.9
1824.53,1259.0,1258.0,0.9
1825.68,1259.0,1258.0,0.9
1826.73,1259.0,1258.0,0.9
1827.79,1259.0,1258.0,0.9
1828.84,1259.0,1258.0,0.9
1829.91,1259.0,1258.0,0.9
1830.96,1259.0,1258.0,0.9
1832.01,1259.0,1258.0,0.9
1833.09,1259.0,1258.0,0.9
1834.19,1259.0,1258.0,0.9
1835.29,1259.0,1258.0,0.9
1836.42,1259.0,1258.0,0.9
1837.56,1259.0,1258.0,0.9
1838.62,1227.0,1226.0,0.9
